Feed URL,Alert Name
https://www.google.com/alerts/feeds/02607566019908964003/2856124818779241836, 1
https://www.google.com/alerts/feeds/02607566019908964003/5462944971852938150, 2
https://www.google.com/alerts/feeds/02607566019908964003/14445430204279293176, 3
https://www.google.com/alerts/feeds/02607566019908964003/9287727899303190060, 4
https://www.google.com/alerts/feeds/02607566019908964003/17493237222371617890, 5
https://www.google.com/alerts/feeds/02607566019908964003/10524825119870892603, 6
https://www.google.com/alerts/feeds/02607566019908964003/12379903627723982179, 7
https://www.google.com/alerts/feeds/02607566019908964003/1354921519751122526, 8
https://www.google.com/alerts/feeds/02607566019908964003/1450305403784817471, 9
https://www.google.com/alerts/feeds/02607566019908964003/15640046233340826640, 10
https://www.google.com/alerts/feeds/02607566019908964003/9998540084999810931, 11
https://www.google.com/alerts/feeds/02607566019908964003/6185808057301438233, 12
https://www.google.com/alerts/feeds/02607566019908964003/2204471908296867930, 13
https://www.google.com/alerts/feeds/02607566019908964003/6212706309839257771, 14
https://www.google.com/alerts/feeds/02607566019908964003/7180855109740739631, 15
https://www.google.com/alerts/feeds/02607566019908964003/8508236543510487680, 16
https://www.google.com/alerts/feeds/02607566019908964003/4472836813306861721, 17
https://www.google.com/alerts/feeds/02607566019908964003/4045424910654049163, 18
https://www.google.com/alerts/feeds/02607566019908964003/13513463019266202565, 19
https://www.google.com/alerts/feeds/02607566019908964003/14187096460260095489, 20
https://www.google.com/alerts/feeds/02607566019908964003/6566052397655566592, 21
https://www.google.com/alerts/feeds/02607566019908964003/13920731136328895923, 22
https://www.google.com/alerts/feeds/02607566019908964003/8589758345564011771, 23
https://www.google.com/alerts/feeds/02607566019908964003/9461933061733656911, 24
https://www.google.com/alerts/feeds/02607566019908964003/10873939482407445869, 25
https://www.google.com/alerts/feeds/02607566019908964003/14896056277336136108, 26
https://www.google.com/alerts/feeds/02607566019908964003/2856124818779241836, 27
https://www.google.com/alerts/feeds/02607566019908964003/4739905659583917598, 28
https://www.google.com/alerts/feeds/02607566019908964003/10855967170203283870, 29
https://www.google.com/alerts/feeds/02607566019908964003/7863072206283205035, 30
https://www.google.com/alerts/feeds/02607566019908964003/11537494180063837883, 31
https://www.google.com/alerts/feeds/02607566019908964003/10479696242644181250, 32
https://www.google.com/alerts/feeds/02607566019908964003/12578725165463443700, 33,
https://www.google.com/alerts/feeds/02607566019908964003/2430792155659570348, 34